{"cameraMode":{"drawMode":0,"name":"Shaded","section":"Shading Mode"},"sceneLighting":true,"audioPlay":false,"sceneViewState":{"m_AlwaysRefresh":false,"showFog":true,"showSkybox":true,"showFlares":true,"showImageEffects":true,"showParticleSystems":true,"showVisualEffectGraphs":true,"m_FxEnabled":true},"in2DMode":false,"pivot":{"x":-1.7699074745178223,"y":0.0068950653076171879,"z":11.246967315673829},"rotation":{"x":-0.0019756057299673559,"y":-0.9973152279853821,"z":0.06713806092739105,"w":-0.030230235308408738},"size":1.3835642337799073,"orthographic":false}