{"cameraMode":{"drawMode":0,"name":"Shaded","section":"Shading Mode"},"sceneLighting":false,"audioPlay":false,"sceneViewState":{"m_AlwaysRefresh":false,"showFog":true,"showSkybox":false,"showFlares":true,"showImageEffects":true,"showParticleSystems":true,"showVisualEffectGraphs":true,"m_FxEnabled":true},"in2DMode":false,"pivot":{"x":0.11257036030292511,"y":0.3992331624031067,"z":-0.0008097812533378601},"rotation":{"x":0.20080754160881043,"y":-0.80109703540802,"z":0.3636758029460907,"w":0.4309019148349762},"size":0.42382994294166567,"orthographic":true}