{"cameraMode":{"drawMode":0,"name":"Shaded","section":"Shading Mode"},"sceneLighting":false,"audioPlay":false,"sceneViewState":{"m_AlwaysRefresh":false,"showFog":true,"showSkybox":false,"showFlares":true,"showImageEffects":true,"showParticleSystems":true,"showVisualEffectGraphs":true,"m_FxEnabled":true},"in2DMode":false,"pivot":{"x":-0.21380650997161866,"y":0.26034367084503176,"z":0.14748892188072205},"rotation":{"x":-0.06882376968860626,"y":0.5475935339927673,"z":-0.04590035602450371,"w":-0.8327721357345581},"size":1.5552289485931397,"orthographic":false}