{"cameraMode":{"drawMode":0,"name":"Shaded","section":"Shading Mode"},"sceneLighting":false,"audioPlay":false,"sceneViewState":{"m_AlwaysRefresh":false,"showFog":true,"showSkybox":false,"showFlares":true,"showImageEffects":true,"showParticleSystems":true,"showVisualEffectGraphs":true,"m_FxEnabled":true},"in2DMode":false,"pivot":{"x":0.35185742378234866,"y":-0.34999996423721316,"z":-0.6350786685943604},"rotation":{"x":-0.0013150675222277642,"y":-0.8353582620620728,"z":0.0020061617251485588,"w":-0.5497115850448608},"size":0.9160157442092896,"orthographic":false}