{"cameraMode":{"drawMode":0,"name":"Shaded","section":"Shading Mode"},"sceneLighting":false,"audioPlay":false,"sceneViewState":{"m_AlwaysRefresh":false,"showFog":true,"showSkybox":false,"showFlares":true,"showImageEffects":true,"showParticleSystems":true,"showVisualEffectGraphs":true,"m_FxEnabled":true},"in2DMode":false,"pivot":{"x":-0.11494702100753784,"y":0.7398945689201355,"z":0.00008547306060791016},"rotation":{"x":-0.00269242818467319,"y":-0.9972513318061829,"z":-0.05750751122832298,"w":0.04670186713337898},"size":1.852843999862671,"orthographic":false}