{"cameraMode":{"drawMode":0,"name":"Shaded","section":"Shading Mode"},"sceneLighting":false,"audioPlay":false,"sceneViewState":{"m_AlwaysRefresh":false,"showFog":true,"showSkybox":false,"showFlares":true,"showImageEffects":true,"showParticleSystems":true,"showVisualEffectGraphs":true,"m_FxEnabled":true},"in2DMode":false,"pivot":{"x":-32.176124572753909,"y":23.709259033203126,"z":74.62577056884766},"rotation":{"x":0.06488928943872452,"y":0.1185213103890419,"z":-0.0077675217762589458,"w":0.9908103346824646},"size":1.183423399925232,"orthographic":true}