{"cameraMode":{"drawMode":0,"name":"Shaded","section":"Shading Mode"},"sceneLighting":true,"audioPlay":false,"sceneViewState":{"m_AlwaysRefresh":false,"showFog":true,"showSkybox":false,"showFlares":true,"showImageEffects":true,"showParticleSystems":true,"showVisualEffectGraphs":true,"m_FxEnabled":true},"in2DMode":false,"pivot":{"x":-14.291933059692383,"y":18.412370681762697,"z":53.217315673828128},"rotation":{"x":-0.010214642621576786,"y":0.9537341594696045,"z":-0.29848596453666689,"w":-0.03262726217508316},"size":12.901538848876954,"orthographic":false}