{"cameraMode":{"drawMode":0,"name":"Shaded","section":"Shading Mode"},"sceneLighting":true,"audioPlay":false,"sceneViewState":{"m_AlwaysRefresh":false,"showFog":true,"showSkybox":true,"showFlares":true,"showImageEffects":true,"showParticleSystems":true,"showVisualEffectGraphs":true,"m_FxEnabled":false},"in2DMode":false,"pivot":{"x":-0.8817506432533264,"y":0.7965486645698547,"z":2.9224488735198976},"rotation":{"x":0.0637955442070961,"y":-0.42306825518608096,"z":0.02986304461956024,"w":0.9033316373825073},"size":4.9437761306762699,"orthographic":false}