{"cameraMode":{"drawMode":0,"name":"Shaded","section":"Shading Mode"},"sceneLighting":false,"audioPlay":false,"sceneViewState":{"m_AlwaysRefresh":false,"showFog":true,"showSkybox":false,"showFlares":true,"showImageEffects":true,"showParticleSystems":true,"showVisualEffectGraphs":true,"m_FxEnabled":true},"in2DMode":false,"pivot":{"x":0.06229564547538757,"y":0.15670755505561829,"z":1.0709999799728394},"rotation":{"x":-0.1502884030342102,"y":0.025853896513581277,"z":-0.004013726022094488,"w":-0.9883938431739807},"size":0.20675845444202424,"orthographic":true}