{"cameraMode":{"drawMode":0,"name":"Shaded","section":"Shading Mode"},"sceneLighting":false,"audioPlay":false,"sceneViewState":{"m_AlwaysRefresh":false,"showFog":true,"showSkybox":false,"showFlares":true,"showImageEffects":true,"showParticleSystems":true,"showVisualEffectGraphs":true,"m_FxEnabled":true},"in2DMode":false,"pivot":{"x":0.7119011282920837,"y":0.12328630685806275,"z":-1.0870954990386963},"rotation":{"x":-0.1502884030342102,"y":0.025853896513581277,"z":-0.004013726022094488,"w":-0.9883938431739807},"size":0.1447329968214035,"orthographic":true}