{"cameraMode":{"drawMode":0,"name":"Shaded","section":"Shading Mode"},"sceneLighting":false,"audioPlay":false,"sceneViewState":{"m_AlwaysRefresh":false,"showFog":true,"showSkybox":false,"showFlares":true,"showImageEffects":true,"showParticleSystems":true,"showVisualEffectGraphs":true,"m_FxEnabled":true},"in2DMode":false,"pivot":{"x":-13.707000732421875,"y":29.450000762939454,"z":59.220001220703128},"rotation":{"x":0.05628056824207306,"y":-0.3572375774383545,"z":0.021571852266788484,"w":0.9320691227912903},"size":0.8660253882408142,"orthographic":false}