{"cameraMode":{"drawMode":0,"name":"Shaded","section":"Shading Mode"},"sceneLighting":false,"audioPlay":false,"sceneViewState":{"m_AlwaysRefresh":false,"showFog":false,"showSkybox":false,"showFlares":false,"showImageEffects":false,"showParticleSystems":false,"showVisualEffectGraphs":true,"m_FxEnabled":true},"in2DMode":false,"pivot":{"x":5.960464477539063e-8,"y":0.8164780139923096,"z":-0.053153976798057559},"rotation":{"x":-0.010214642621576786,"y":0.9537341594696045,"z":-0.29848596453666689,"w":-0.03262726217508316},"size":1.209027647972107,"orthographic":false}