{"cameraMode":{"drawMode":0,"name":"Shaded","section":"Shading Mode"},"sceneLighting":false,"audioPlay":false,"sceneViewState":{"m_AlwaysRefresh":false,"showFog":true,"showSkybox":false,"showFlares":true,"showImageEffects":true,"showParticleSystems":true,"showVisualEffectGraphs":true,"m_FxEnabled":true},"in2DMode":false,"pivot":{"x":0.7120000123977661,"y":0.12000000476837158,"z":-0.6140000224113464},"rotation":{"x":-0.1502884030342102,"y":0.025853896513581277,"z":-0.004013726022094488,"w":-0.9883938431739807},"size":0.15207646787166596,"orthographic":true}