{"cameraMode":{"drawMode":0,"name":"Shaded","section":"Shading Mode"},"sceneLighting":false,"audioPlay":false,"sceneViewState":{"m_AlwaysRefresh":false,"showFog":true,"showSkybox":false,"showFlares":true,"showImageEffects":true,"showParticleSystems":true,"showVisualEffectGraphs":true,"m_FxEnabled":true},"in2DMode":false,"pivot":{"x":-4.550182819366455,"y":0.14956772327423097,"z":1.149393081665039},"rotation":{"x":-0.020987192168831826,"y":-0.03298646956682205,"z":-0.0006941721658222377,"w":0.9992436766624451},"size":7.1632890701293949,"orthographic":false}