{"cameraMode":{"drawMode":0,"name":"Shaded","section":"Shading Mode"},"sceneLighting":true,"audioPlay":false,"sceneViewState":{"m_AlwaysRefresh":false,"showFog":true,"showSkybox":true,"showFlares":true,"showImageEffects":true,"showParticleSystems":true,"showVisualEffectGraphs":true,"m_FxEnabled":false},"in2DMode":false,"pivot":{"x":0.6195195317268372,"y":13.72230339050293,"z":4.499703407287598},"rotation":{"x":-0.0006931603420525789,"y":0.8897558450698853,"z":-0.4564519226551056,"w":-0.001330720609985292},"size":0.559461236000061,"orthographic":false}