{"cameraMode":{"drawMode":0,"name":"Shaded","section":"Shading Mode"},"sceneLighting":false,"audioPlay":false,"sceneViewState":{"m_AlwaysRefresh":false,"showFog":true,"showSkybox":false,"showFlares":true,"showImageEffects":true,"showParticleSystems":true,"showVisualEffectGraphs":true,"m_FxEnabled":true},"in2DMode":false,"pivot":{"x":-0.11240148544311524,"y":-137.2443084716797,"z":-0.03221464157104492},"rotation":{"x":0.49924612045288088,"y":-0.4434974789619446,"z":-0.33230525255203249,"w":-0.6659992933273315},"size":49.04151916503906,"orthographic":true}