{"cameraMode":{"drawMode":0,"name":"Shaded","section":"Shading Mode"},"sceneLighting":true,"audioPlay":false,"sceneViewState":{"m_AlwaysRefresh":false,"showFog":true,"showSkybox":false,"showFlares":true,"showImageEffects":true,"showParticleSystems":true,"showVisualEffectGraphs":true,"m_FxEnabled":true},"in2DMode":false,"pivot":{"x":32.930179595947269,"y":24.453683853149415,"z":70.36038970947266},"rotation":{"x":0.2788132429122925,"y":0.04719684645533562,"z":-0.013766328804194928,"w":0.9591295123100281},"size":22.188852310180665,"orthographic":true}