{"cameraMode":{"drawMode":0,"name":"Shaded","section":"Shading Mode"},"sceneLighting":false,"audioPlay":false,"sceneViewState":{"m_AlwaysRefresh":false,"showFog":true,"showSkybox":false,"showFlares":true,"showImageEffects":true,"showParticleSystems":true,"showVisualEffectGraphs":true,"m_FxEnabled":true},"in2DMode":false,"pivot":{"x":0.00018300861120224,"y":-0.07574975490570069,"z":0.005160734057426453},"rotation":{"x":0.20080754160881043,"y":-0.80109703540802,"z":0.3636758029460907,"w":0.4309019148349762},"size":0.2557985782623291,"orthographic":true}