{"cameraMode":{"drawMode":0,"name":"Shaded","section":"Shading Mode"},"sceneLighting":true,"audioPlay":false,"sceneViewState":{"m_AlwaysRefresh":false,"showFog":true,"showSkybox":true,"showFlares":true,"showImageEffects":true,"showParticleSystems":true,"showVisualEffectGraphs":true,"m_FxEnabled":true},"in2DMode":false,"pivot":{"x":7.479113578796387,"y":-7.36159610748291,"z":-24.63595962524414},"rotation":{"x":-0.0014970303745940328,"y":-0.0629582479596138,"z":-0.00009443551243748516,"w":0.9980151057243347},"size":43.975460052490237,"orthographic":true}