{"cameraMode":{"drawMode":0,"name":"Shaded","section":"Shading Mode"},"sceneLighting":true,"audioPlay":false,"sceneViewState":{"m_AlwaysRefresh":false,"showFog":true,"showSkybox":false,"showFlares":true,"showImageEffects":true,"showParticleSystems":true,"showVisualEffectGraphs":true,"m_FxEnabled":true},"in2DMode":false,"pivot":{"x":-14.771303176879883,"y":29.964664459228517,"z":69.23146057128906},"rotation":{"x":0.06892164796590805,"y":-0.9236907362937927,"z":0.32041049003601076,"w":0.19860360026359559},"size":1.2848633527755738,"orthographic":false}