{"cameraMode":{"drawMode":0,"name":"Shaded","section":"Shading Mode"},"sceneLighting":false,"audioPlay":false,"sceneViewState":{"m_AlwaysRefresh":false,"showFog":true,"showSkybox":false,"showFlares":true,"showImageEffects":true,"showParticleSystems":true,"showVisualEffectGraphs":true,"m_FxEnabled":true},"in2DMode":false,"pivot":{"x":-19.81418228149414,"y":2.0428390502929689,"z":12.082929611206055},"rotation":{"x":-0.06920468062162399,"y":-0.03530547395348549,"z":0.002543332986533642,"w":-0.9969217777252197},"size":18.407094955444337,"orthographic":true}