{"cameraMode":{"drawMode":0,"name":"Shaded","section":"Shading Mode"},"sceneLighting":false,"audioPlay":false,"sceneViewState":{"m_AlwaysRefresh":false,"showFog":true,"showSkybox":false,"showFlares":true,"showImageEffects":true,"showParticleSystems":true,"showVisualEffectGraphs":true,"m_FxEnabled":true},"in2DMode":false,"pivot":{"x":4.2179999351501469,"y":0.4007871448993683,"z":-4.421193599700928},"rotation":{"x":-0.00269242818467319,"y":-0.9972513318061829,"z":-0.05750751122832298,"w":0.04670186713337898},"size":0.45382142066955569,"orthographic":false}