{"cameraMode":{"drawMode":0,"name":"Shaded","section":"Shading Mode"},"sceneLighting":false,"audioPlay":false,"sceneViewState":{"m_AlwaysRefresh":false,"showFog":true,"showSkybox":false,"showFlares":true,"showImageEffects":true,"showParticleSystems":true,"showVisualEffectGraphs":true,"m_FxEnabled":true},"in2DMode":false,"pivot":{"x":-20.013126373291017,"y":9.5367431640625e-7,"z":12.526793479919434},"rotation":{"x":0.19044065475463868,"y":0.02559310756623745,"z":0.0050672502256929878,"w":-0.9812995791435242},"size":0.8660253882408142,"orthographic":true}