{"cameraMode":{"drawMode":0,"name":"Shaded","section":"Shading Mode"},"sceneLighting":false,"audioPlay":false,"sceneViewState":{"m_AlwaysRefresh":false,"showFog":true,"showSkybox":false,"showFlares":true,"showImageEffects":true,"showParticleSystems":true,"showVisualEffectGraphs":true,"m_FxEnabled":false},"in2DMode":false,"pivot":{"x":-0.45354294776916506,"y":0.9237435460090637,"z":15.459149360656739},"rotation":{"x":-0.02199591137468815,"y":0.8638913631439209,"z":-0.03787147253751755,"w":-0.5017675161361694},"size":2.077022075653076,"orthographic":false}