{"cameraMode":{"drawMode":0,"name":"Shaded","section":"Shading Mode"},"sceneLighting":false,"audioPlay":false,"sceneViewState":{"m_AlwaysRefresh":false,"showFog":true,"showSkybox":false,"showFlares":true,"showImageEffects":true,"showParticleSystems":true,"showVisualEffectGraphs":true,"m_FxEnabled":false},"in2DMode":false,"pivot":{"x":-0.22304542362689973,"y":0.26105940341949465,"z":15.298872947692871},"rotation":{"x":-0.05910147354006767,"y":0.8732643723487854,"z":-0.10956167429685593,"w":-0.47107285261154177},"size":2.077022075653076,"orthographic":false}